29609,StuntsPT
202000206,
202101023,MelR42
202101267,
202200138,rodrigosilva1936
202300054,AlesCavalcante
202300092,
202300114,
202300115,
202300125,manso04
202300150,
202300154,kunizu
202300169,
202300181,
202300195,PescaNesta
202300218,filipaifernandes
202300237,nuriamachado
202300273,biancaims
202300282,,Romero
202300384,LourencoMoita
202300387,ericamartins27
202300392,venanciobeatriz
202300409,TaDeMot4
202300418,
202300423,
202300430,
202300438,
202300448,
202300458,
202300461,
202300468,RafaelMachado2
202300469,
